{"cameraMode":{"drawMode":0,"name":"Shaded","section":"Shading Mode"},"sceneLighting":false,"audioPlay":false,"sceneViewState":{"m_AlwaysRefresh":false,"showFog":true,"showSkybox":false,"showFlares":true,"showImageEffects":true,"showParticleSystems":true,"showVisualEffectGraphs":true,"m_FxEnabled":true},"in2DMode":false,"pivot":{"x":15.11772346496582,"y":1.4411710500717164,"z":1.5040366649627686},"rotation":{"x":-0.19551551342010499,"y":-0.01353567186743021,"z":-0.0026995104271918537,"w":0.9806140661239624},"size":2.2952256202697756,"orthographic":false}